Metric,Value
design__instance__count,17265
design__instance__area,130709
design__instance_unmapped__count,0
synthesis__check_error__count,0
design__max_slew_violation__count__corner:nom_tt_025C_1v80,0
design__max_fanout_violation__count__corner:nom_tt_025C_1v80,88
design__max_cap_violation__count__corner:nom_tt_025C_1v80,0
power__internal__total,0.051856186240911484
power__switching__total,0.05239052698016167
power__leakage__total,1.5215236714993807E-7
power__total,0.10424686223268509
clock__skew__worst_hold__corner:nom_tt_025C_1v80,-0.4577895692101396
clock__skew__worst_setup__corner:nom_tt_025C_1v80,0.4541391558019313
timing__hold__ws__corner:nom_tt_025C_1v80,0.3230563685780674
timing__setup__ws__corner:nom_tt_025C_1v80,5.332989312215706
timing__hold__tns__corner:nom_tt_025C_1v80,0.0
timing__setup__tns__corner:nom_tt_025C_1v80,0.0
timing__hold__wns__corner:nom_tt_025C_1v80,0
timing__setup__wns__corner:nom_tt_025C_1v80,0.0
timing__hold_vio__count__corner:nom_tt_025C_1v80,0
timing__hold_r2r__ws__corner:nom_tt_025C_1v80,0.323056
timing__hold_r2r_vio__count__corner:nom_tt_025C_1v80,0
timing__setup_vio__count__corner:nom_tt_025C_1v80,0
timing__setup_r2r__ws__corner:nom_tt_025C_1v80,5.569891
timing__setup_r2r_vio__count__corner:nom_tt_025C_1v80,0
design__max_slew_violation__count__corner:nom_ss_100C_1v60,8
design__max_fanout_violation__count__corner:nom_ss_100C_1v60,88
design__max_cap_violation__count__corner:nom_ss_100C_1v60,0
clock__skew__worst_hold__corner:nom_ss_100C_1v60,-0.6081295639188165
clock__skew__worst_setup__corner:nom_ss_100C_1v60,0.607167666663077
timing__hold__ws__corner:nom_ss_100C_1v60,-0.018449020611180013
timing__setup__ws__corner:nom_ss_100C_1v60,-0.33634163073337225
timing__hold__tns__corner:nom_ss_100C_1v60,-0.07128631220427127
timing__setup__tns__corner:nom_ss_100C_1v60,-1.3938077753139462
timing__hold__wns__corner:nom_ss_100C_1v60,-0.018449020611180013
timing__setup__wns__corner:nom_ss_100C_1v60,-0.33634163073337225
timing__hold_vio__count__corner:nom_ss_100C_1v60,4
timing__hold_r2r__ws__corner:nom_ss_100C_1v60,0.890315
timing__hold_r2r_vio__count__corner:nom_ss_100C_1v60,0
timing__setup_vio__count__corner:nom_ss_100C_1v60,6
timing__setup_r2r__ws__corner:nom_ss_100C_1v60,-0.336342
timing__setup_r2r_vio__count__corner:nom_ss_100C_1v60,6
design__max_slew_violation__count__corner:nom_ff_n40C_1v95,0
design__max_fanout_violation__count__corner:nom_ff_n40C_1v95,88
design__max_cap_violation__count__corner:nom_ff_n40C_1v95,0
clock__skew__worst_hold__corner:nom_ff_n40C_1v95,-0.3920152924344183
clock__skew__worst_setup__corner:nom_ff_n40C_1v95,0.38955265116269777
timing__hold__ws__corner:nom_ff_n40C_1v95,0.1108503320510627
timing__setup__ws__corner:nom_ff_n40C_1v95,6.5653626615777005
timing__hold__tns__corner:nom_ff_n40C_1v95,0.0
timing__setup__tns__corner:nom_ff_n40C_1v95,0.0
timing__hold__wns__corner:nom_ff_n40C_1v95,0
timing__setup__wns__corner:nom_ff_n40C_1v95,0.0
timing__hold_vio__count__corner:nom_ff_n40C_1v95,0
timing__hold_r2r__ws__corner:nom_ff_n40C_1v95,0.110850
timing__hold_r2r_vio__count__corner:nom_ff_n40C_1v95,0
timing__setup_vio__count__corner:nom_ff_n40C_1v95,0
timing__setup_r2r__ws__corner:nom_ff_n40C_1v95,7.716249
timing__setup_r2r_vio__count__corner:nom_ff_n40C_1v95,0
design__max_slew_violation__count,13
design__max_fanout_violation__count,88
design__max_cap_violation__count,0
clock__skew__worst_hold,-0.3894520094426691
clock__skew__worst_setup,0.385205628297987
timing__hold__ws,-0.031006087464038486
timing__setup__ws,-0.4557083728248926
timing__hold__tns,-0.11832202219580137
timing__setup__tns,-2.351042982396636
timing__hold__wns,-0.031006087464038486
timing__setup__wns,-0.4557083728248926
timing__hold_vio__count,8
timing__hold_r2r__ws,0.109606
timing__hold_r2r_vio__count,0
timing__setup_vio__count,21
timing__setup_r2r__ws,-0.455708
timing__setup_r2r_vio__count,21
design__die__bbox,0.0 0.0 528.05 538.77
design__core__bbox,5.52 10.88 522.1 527.68
design__io,210
design__die__area,284497
design__core__area,266969
design__instance__count__stdcell,17265
design__instance__area__stdcell,130709
design__instance__count__macros,0
design__instance__area__macros,0
design__instance__utilization,0.489605
design__instance__utilization__stdcell,0.489605
design__instance__count__class:inverter,221
design__instance__count__class:sequential_cell,1499
design__instance__count__class:multi_input_combinational_cell,8889
flow__warnings__count,1
flow__errors__count,0
design__instance__count__class:fill_cell,17572
design__instance__count__class:tap_cell,3744
design__power_grid_violation__count__net:VGND,0
design__power_grid_violation__count__net:VPWR,0
design__power_grid_violation__count,0
floorplan__design__io,208
design__io__hpwl,26319609
timing__drv__floating__nets,0
timing__drv__floating__pins,0
design__instance__displacement__total,0
design__instance__displacement__mean,0
design__instance__displacement__max,0
route__wirelength__estimated,286958
design__violations,0
design__instance__count__class:timing_repair_buffer,2524
design__instance__count__class:clock_buffer,193
design__instance__count__class:clock_inverter,151
design__instance__count__setup_buffer,0
design__instance__count__hold_buffer,1567
antenna__violating__nets,13
antenna__violating__pins,14
route__antenna_violation__count,13
antenna_diodes_count,44
design__instance__count__class:antenna_cell,44
route__net,13393
route__net__special,2
route__drc_errors__iter:1,4479
route__wirelength__iter:1,314810
route__drc_errors__iter:2,2292
route__wirelength__iter:2,312985
route__drc_errors__iter:3,2091
route__wirelength__iter:3,312518
route__drc_errors__iter:4,132
route__wirelength__iter:4,312136
route__drc_errors__iter:5,2
route__wirelength__iter:5,312102
route__drc_errors__iter:6,0
route__wirelength__iter:6,312095
route__drc_errors,0
route__wirelength,312095
route__vias,89650
route__vias__singlecut,89650
route__vias__multicut,0
design__disconnected_pin__count,0
design__critical_disconnected_pin__count,0
route__wirelength__max,856.3
timing__unannotated_net__count__corner:nom_tt_025C_1v80,169
timing__unannotated_net_filtered__count__corner:nom_tt_025C_1v80,0
timing__unannotated_net__count__corner:nom_ss_100C_1v60,169
timing__unannotated_net_filtered__count__corner:nom_ss_100C_1v60,0
timing__unannotated_net__count__corner:nom_ff_n40C_1v95,169
timing__unannotated_net_filtered__count__corner:nom_ff_n40C_1v95,0
design__max_slew_violation__count__corner:min_tt_025C_1v80,0
design__max_fanout_violation__count__corner:min_tt_025C_1v80,88
design__max_cap_violation__count__corner:min_tt_025C_1v80,0
clock__skew__worst_hold__corner:min_tt_025C_1v80,-0.45396762633977555
clock__skew__worst_setup__corner:min_tt_025C_1v80,0.44831481462772166
timing__hold__ws__corner:min_tt_025C_1v80,0.3188149834371373
timing__setup__ws__corner:min_tt_025C_1v80,5.445352767269825
timing__hold__tns__corner:min_tt_025C_1v80,0.0
timing__setup__tns__corner:min_tt_025C_1v80,0.0
timing__hold__wns__corner:min_tt_025C_1v80,0
timing__setup__wns__corner:min_tt_025C_1v80,0.0
timing__hold_vio__count__corner:min_tt_025C_1v80,0
timing__hold_r2r__ws__corner:min_tt_025C_1v80,0.318815
timing__hold_r2r_vio__count__corner:min_tt_025C_1v80,0
timing__setup_vio__count__corner:min_tt_025C_1v80,0
timing__setup_r2r__ws__corner:min_tt_025C_1v80,5.642587
timing__setup_r2r_vio__count__corner:min_tt_025C_1v80,0
timing__unannotated_net__count__corner:min_tt_025C_1v80,169
timing__unannotated_net_filtered__count__corner:min_tt_025C_1v80,0
design__max_slew_violation__count__corner:min_ss_100C_1v60,2
design__max_fanout_violation__count__corner:min_ss_100C_1v60,88
design__max_cap_violation__count__corner:min_ss_100C_1v60,0
clock__skew__worst_hold__corner:min_ss_100C_1v60,-0.6024205749201278
clock__skew__worst_setup__corner:min_ss_100C_1v60,0.5977556396833245
timing__hold__ws__corner:min_ss_100C_1v60,0.022775559860507135
timing__setup__ws__corner:min_ss_100C_1v60,-0.21607694023413937
timing__hold__tns__corner:min_ss_100C_1v60,0.0
timing__setup__tns__corner:min_ss_100C_1v60,-0.7087903797839927
timing__hold__wns__corner:min_ss_100C_1v60,0
timing__setup__wns__corner:min_ss_100C_1v60,-0.21607694023413937
timing__hold_vio__count__corner:min_ss_100C_1v60,0
timing__hold_r2r__ws__corner:min_ss_100C_1v60,0.882715
timing__hold_r2r_vio__count__corner:min_ss_100C_1v60,0
timing__setup_vio__count__corner:min_ss_100C_1v60,6
timing__setup_r2r__ws__corner:min_ss_100C_1v60,-0.216077
timing__setup_r2r_vio__count__corner:min_ss_100C_1v60,6
timing__unannotated_net__count__corner:min_ss_100C_1v60,169
timing__unannotated_net_filtered__count__corner:min_ss_100C_1v60,0
design__max_slew_violation__count__corner:min_ff_n40C_1v95,0
design__max_fanout_violation__count__corner:min_ff_n40C_1v95,88
design__max_cap_violation__count__corner:min_ff_n40C_1v95,0
clock__skew__worst_hold__corner:min_ff_n40C_1v95,-0.3894520094426691
clock__skew__worst_setup__corner:min_ff_n40C_1v95,0.385205628297987
timing__hold__ws__corner:min_ff_n40C_1v95,0.10960621609448176
timing__setup__ws__corner:min_ff_n40C_1v95,6.640302717859348
timing__hold__tns__corner:min_ff_n40C_1v95,0.0
timing__setup__tns__corner:min_ff_n40C_1v95,0.0
timing__hold__wns__corner:min_ff_n40C_1v95,0
timing__setup__wns__corner:min_ff_n40C_1v95,0.0
timing__hold_vio__count__corner:min_ff_n40C_1v95,0
timing__hold_r2r__ws__corner:min_ff_n40C_1v95,0.109606
timing__hold_r2r_vio__count__corner:min_ff_n40C_1v95,0
timing__setup_vio__count__corner:min_ff_n40C_1v95,0
timing__setup_r2r__ws__corner:min_ff_n40C_1v95,7.764584
timing__setup_r2r_vio__count__corner:min_ff_n40C_1v95,0
timing__unannotated_net__count__corner:min_ff_n40C_1v95,169
timing__unannotated_net_filtered__count__corner:min_ff_n40C_1v95,0
design__max_slew_violation__count__corner:max_tt_025C_1v80,0
design__max_fanout_violation__count__corner:max_tt_025C_1v80,88
design__max_cap_violation__count__corner:max_tt_025C_1v80,0
clock__skew__worst_hold__corner:max_tt_025C_1v80,-0.46119961932671855
clock__skew__worst_setup__corner:max_tt_025C_1v80,0.4600257804895839
timing__hold__ws__corner:max_tt_025C_1v80,0.3260402040634386
timing__setup__ws__corner:max_tt_025C_1v80,5.24326774616615
timing__hold__tns__corner:max_tt_025C_1v80,0.0
timing__setup__tns__corner:max_tt_025C_1v80,0.0
timing__hold__wns__corner:max_tt_025C_1v80,0
timing__setup__wns__corner:max_tt_025C_1v80,0.0
timing__hold_vio__count__corner:max_tt_025C_1v80,0
timing__hold_r2r__ws__corner:max_tt_025C_1v80,0.326040
timing__hold_r2r_vio__count__corner:max_tt_025C_1v80,0
timing__setup_vio__count__corner:max_tt_025C_1v80,0
timing__setup_r2r__ws__corner:max_tt_025C_1v80,5.501025
timing__setup_r2r_vio__count__corner:max_tt_025C_1v80,0
timing__unannotated_net__count__corner:max_tt_025C_1v80,169
timing__unannotated_net_filtered__count__corner:max_tt_025C_1v80,0
design__max_slew_violation__count__corner:max_ss_100C_1v60,13
design__max_fanout_violation__count__corner:max_ss_100C_1v60,88
design__max_cap_violation__count__corner:max_ss_100C_1v60,0
clock__skew__worst_hold__corner:max_ss_100C_1v60,-0.6156039185988896
clock__skew__worst_setup__corner:max_ss_100C_1v60,0.6175194974597541
timing__hold__ws__corner:max_ss_100C_1v60,-0.031006087464038486
timing__setup__ws__corner:max_ss_100C_1v60,-0.4557083728248926
timing__hold__tns__corner:max_ss_100C_1v60,-0.11832202219580137
timing__setup__tns__corner:max_ss_100C_1v60,-2.351042982396636
timing__hold__wns__corner:max_ss_100C_1v60,-0.031006087464038486
timing__setup__wns__corner:max_ss_100C_1v60,-0.4557083728248926
timing__hold_vio__count__corner:max_ss_100C_1v60,4
timing__hold_r2r__ws__corner:max_ss_100C_1v60,0.899067
timing__hold_r2r_vio__count__corner:max_ss_100C_1v60,0
timing__setup_vio__count__corner:max_ss_100C_1v60,9
timing__setup_r2r__ws__corner:max_ss_100C_1v60,-0.455708
timing__setup_r2r_vio__count__corner:max_ss_100C_1v60,9
timing__unannotated_net__count__corner:max_ss_100C_1v60,169
timing__unannotated_net_filtered__count__corner:max_ss_100C_1v60,0
design__max_slew_violation__count__corner:max_ff_n40C_1v95,0
design__max_fanout_violation__count__corner:max_ff_n40C_1v95,88
design__max_cap_violation__count__corner:max_ff_n40C_1v95,0
clock__skew__worst_hold__corner:max_ff_n40C_1v95,-0.39500945299421053
clock__skew__worst_setup__corner:max_ff_n40C_1v95,0.39400919753188535
timing__hold__ws__corner:max_ff_n40C_1v95,0.11241696780541875
timing__setup__ws__corner:max_ff_n40C_1v95,6.509286627285575
timing__hold__tns__corner:max_ff_n40C_1v95,0.0
timing__setup__tns__corner:max_ff_n40C_1v95,0.0
timing__hold__wns__corner:max_ff_n40C_1v95,0
timing__setup__wns__corner:max_ff_n40C_1v95,0.0
timing__hold_vio__count__corner:max_ff_n40C_1v95,0
timing__hold_r2r__ws__corner:max_ff_n40C_1v95,0.112417
timing__hold_r2r_vio__count__corner:max_ff_n40C_1v95,0
timing__setup_vio__count__corner:max_ff_n40C_1v95,0
timing__setup_r2r__ws__corner:max_ff_n40C_1v95,7.667490
timing__setup_r2r_vio__count__corner:max_ff_n40C_1v95,0
timing__unannotated_net__count__corner:max_ff_n40C_1v95,169
timing__unannotated_net_filtered__count__corner:max_ff_n40C_1v95,0
timing__unannotated_net__count,169
timing__unannotated_net_filtered__count,0
design_powergrid__voltage__worst__net:VPWR__corner:nom_tt_025C_1v80,1.79652
design_powergrid__drop__average__net:VPWR__corner:nom_tt_025C_1v80,1.79924
design_powergrid__drop__worst__net:VPWR__corner:nom_tt_025C_1v80,0.00348189
design_powergrid__voltage__worst__net:VGND__corner:nom_tt_025C_1v80,0.00407765
design_powergrid__drop__average__net:VGND__corner:nom_tt_025C_1v80,0.000762588
design_powergrid__drop__worst__net:VGND__corner:nom_tt_025C_1v80,0.00407765
design_powergrid__voltage__worst,0.00407765
design_powergrid__voltage__worst__net:VPWR,1.79652
design_powergrid__drop__worst,0.00407765
design_powergrid__drop__worst__net:VPWR,0.00348189
design_powergrid__voltage__worst__net:VGND,0.00407765
design_powergrid__drop__worst__net:VGND,0.00407765
ir__voltage__worst,1.8000000000000000444089209850062616169452667236328125
ir__drop__avg,0.000756000000000000053033966107562946490361355245113372802734375
ir__drop__worst,0.0034800000000000000204003480774872514302842319011688232421875
design__xor_difference__count,0
magic__drc_error__count,0
klayout__drc_error__count,0
magic__illegal_overlap__count,0
design__lvs_device_difference__count,0
design__lvs_net_difference__count,0
design__lvs_property_fail__count,0
design__lvs_error__count,0
design__lvs_unmatched_device__count,0
design__lvs_unmatched_net__count,0
design__lvs_unmatched_pin__count,0
